{
  "mechanism": "@MECHANISM_ID@",
  "stateId": "@STATE@",
  "location": "@ACTION@",
  "rp": {
    "id": "@FIDO_RP_ID@",
    "name": "@FIDO_RP_NAME@"
  },
  "user": {
    "id": "@FIDO_USER_ID@",
    "name": "@FIDO_USER_NAME@",
    "displayName": "@FIDO_DISPLAY_NAME@"
  },
  "timeout": "@FIDO_TIMEOUT@",
  "challenge": "@FIDO_CHALLENGE@",
  "excludeCredentials": @FIDO_ALLOW_CREDENTIALS@,
  "extensions": @FIDO_EXTENSIONS@,
  "authenticatorSelection": {
    "requireResidentKey": true,
    "userVerification": "required",
    "authenticatorAttachment": "platform"
  },
  "attestation": "@FIDO_ATTESTATION@",
  "pubKeyCredParams": @FIDO_PUBKEY_CRED_PARAMS@,
  "status": "@FIDO_STATUS@",
  "errorMessage": "@FIDO_ERROR_MESSAGE@"
}