{"mechanism":"@MECHANISM_ID@", "stateId":"@STATE@", "location":"@ACTION@", "rpId":"@FIDO_RP_ID@", "rpName":"@FIDO_RP_NAME@", "timeout":"@FIDO_TIMEOUT@", "challenge":"@FIDO_CHALLENGE@", "excludedCredentials":@FIDO_EXCLUDED_CREDENTIALS@, "pubkeyCredParams":@FIDO_PUBKEY_CRED_PARAMS@, "authenticatorSelection":@FIDO_AUTHENTICATOR_SELECTION@, "attestationConveyance":"@FIDO_ATTESTATION@", "extensions":@FIDO_EXTENSIONS@, "userId":"@FIDO_USER_ID@", "userName":"@FIDO_USER_NAME@", "userDisplayName":"@FIDO_USER_DISPLAY_NAME@", "status":"@FIDO_STATUS@", "errorMessage":"@FIDO_ERROR_MESSAGE@", "formQuery":"@FIDO_INFOMAP_PARAM@"}