{
  "mechanism": "@MECHANISM_ID@",
  "stateId": "@STATE@",
  "location": "@ACTION@",
  "rp": {
    "id": "@FIDO_RP_ID@",
    "name": "@FIDO_RP_NAME@"
  },
  "user": {
    "id": "@FIDO_USER_ID@",
    "name": "@FIDO_USER_NAME@",
    "displayName": "@FIDO_DISPLAY_NAME@"
  },
  "timeout": "@FIDO_TIMEOUT@",
  "challenge": "@FIDO_CHALLENGE@",
  "excludeCredentials": @FIDO_ALLOW_CREDENTIALS@,
  "extensions": @FIDO_EXTENSIONS@,
  "authenticatorSelection": {
    "requireResidentKey": @FIDO_REQUIRE_RESIDENT_KEY@,
    "residentKey": "@FIDO_RESIDENT_KEY@",
    "userVerification": "@FIDO_USER_VERIFICATION@",
    "authenticatorAttachment": "@FIDO_AUTHENTICATOR_ATTACHMENT@"
  },
  "attestation": "@FIDO_ATTESTATION@",
  "pubKeyCredParams": @FIDO_PUBKEY_CRED_PARAMS@,
  "status": "@FIDO_STATUS@",
  "errorMessage": "@FIDO_ERROR_MESSAGE@"
}