{"issuer":"@ISSUER_IDENTIFIER@",
"authorization_endpoint":"@AUTHORIZE_URL@",
"token_endpoint":"@TOKEN_URL@",
"userinfo_endpoint":"@USERINFO_URL@",
"jwks_uri":"@JWKS_URL@",
"response_types_supported":@RESPONSE_TYPES@,
"response_modes_supported":@RESPONSE_MODES@,
"subject_types_supported":@SUBJECT_TYPES_SUPPORTED@,
"token_endpoint_auth_methods_supported":@TOKEN_ENDPOINT_AUTH_METHODS_SUPPORTED@,
"grant_types_supported":@GRANT_TYPES@,
"id_token_signing_alg_values_supported":@SIGNING_ALG@,
"id_token_encryption_alg_values_supported":@ENCRYPTION_ALG@,
"id_token_encryption_enc_values_supported":@ENCRYPTION_ENC@,
"poc":"@POC_PREFIX@",
"name":"@OAUTH_DEFINITION@",
"introspection_endpoint":"@INTROSPECT_URL@",
"revocation_endpoint":"@REVOKE_URL@",
"registration_endpoint":"@REGISTER_URL@",
"device_authorize_endpoint":"@DEVICE_AUTHORIZE_URL@",
"user_authorize_endpoint":"@USER_AUTHORIZE_URL@",
"scopes_supported":@SCOPES_SUPPORTED@,
"userinfo_signing_alg_values_supported":@USERINFO_SIGNING_ALG_VALUES_SUPPORTED@,
"request_object_signing_alg_values_supported":@REQUESTED_OBJECT_SIGNING_ALG_VALUES_SUPPORTED@,
"token_endpoint_auth_signing_alg_values_supported":@TOKEN_ENDPOINT_AUTH_SIGNING_ALG_VALUES_SUPPORTED@,
"claims_parameter_supported":<%var supported = true;templateContext.response.body.write(supported);%> ,
"request_parameter_supported":<%var supported = true;templateContext.response.body.write(supported);%>
}


