<?xml version="1.0" encoding="UTF-8"?>
<meta:MetadataCollection xmlns:meta="urn:ibm:names:ITFIM:1.0:pagemetadata">

   <!-- everything that goes back gets an isam header -->
   <meta:Metadata>
       <meta:Parameters>
          <meta:Parameter name="setHeader.Server">IBM Security Verify Access</meta:Parameter>
       </meta:Parameters>
   </meta:Metadata>

   <!-- make sure all jpg get sent back as image/jpg -->
   <meta:Metadata>
       <meta:Identifiers>
          <meta:IdentifierPattern>
              <meta:Include>.*\.jpg</meta:Include>
              <meta:Exclude>.*notajpg\.jpg</meta:Exclude>
          </meta:IdentifierPattern>
       </meta:Identifiers>
       <meta:Parameters>
          <meta:Parameter name="setHeader.Content-Type">image/jpg</meta:Parameter>
       </meta:Parameters>
   </meta:Metadata> 


   <!-- make sure all gif get sent back as image/gif -->
   <meta:Metadata>
       <meta:Identifiers>
          <meta:IdentifierPattern>
              <meta:Include>.*\.gif</meta:Include>
          </meta:IdentifierPattern>
       </meta:Identifiers>
       <meta:Parameters>
          <meta:Parameter name="setHeader.Content-Type">image/gif</meta:Parameter>
       </meta:Parameters>
   </meta:Metadata> 

   <!-- make sure all woff2 get sent back as text/plain -->
   <meta:Metadata>
       <meta:Identifiers>
          <meta:IdentifierPattern>
              <meta:Include>.*\.woff2</meta:Include>
          </meta:IdentifierPattern>
       </meta:Identifiers>
       <meta:Parameters>
          <meta:Parameter name="setHeader.Content-Type">application/font-woff</meta:Parameter>
       </meta:Parameters>
   </meta:Metadata>


   <!-- make sure all woff get sent back as font/woff -->
   <meta:Metadata>
       <meta:Identifiers>
          <meta:IdentifierPattern>
              <meta:Include>.*\.woff</meta:Include>
          </meta:IdentifierPattern>
       </meta:Identifiers>
       <meta:Parameters>
          <meta:Parameter name="setHeader.Content-Type">application/font-woff</meta:Parameter>
       </meta:Parameters>
   </meta:Metadata>


   <!-- make sure all svg get sent back as image/svg -->
   <meta:Metadata>
       <meta:Identifiers>
          <meta:IdentifierPattern>
              <meta:Include>.*\.ttf</meta:Include>
          </meta:IdentifierPattern>
       </meta:Identifiers>
       <meta:Parameters>
          <meta:Parameter name="setHeader.Content-Type">application/octet-stream</meta:Parameter>
       </meta:Parameters>
   </meta:Metadata>


   <!-- make sure all eot files get sent back as fontobject -->
   <meta:Metadata>
       <meta:Identifiers>
          <meta:IdentifierPattern>
              <meta:Include>.*\.eot</meta:Include>
          </meta:IdentifierPattern>
       </meta:Identifiers>
       <meta:Parameters>
          <meta:Parameter name="setHeader.Content-Type">application/vnd.ms-fontobject</meta:Parameter>
       </meta:Parameters>
   </meta:Metadata>


   <!-- make sure all otf files get sent back as text/plain -->
   <meta:Metadata>
       <meta:Identifiers>
          <meta:IdentifierPattern>
              <meta:Include>.*\.otf</meta:Include>
          </meta:IdentifierPattern>
       </meta:Identifiers>
       <meta:Parameters>
          <meta:Parameter name="setHeader.Content-Type">text/plain</meta:Parameter>
       </meta:Parameters>
   </meta:Metadata>

   <!-- make sure all svg get sent back as image/svg -->
   <meta:Metadata>
       <meta:Identifiers>
          <meta:IdentifierPattern>
              <meta:Include>.*\.svg</meta:Include>
              <meta:Exclude>.*notasvg\.svg</meta:Exclude>
          </meta:IdentifierPattern>
       </meta:Identifiers>
       <meta:Parameters>
          <meta:Parameter name="setHeader.Content-Type">image/svg+xml</meta:Parameter>
       </meta:Parameters>
   </meta:Metadata>

   <!-- make sure all png get sent back as image/png -->
   <meta:Metadata>
       <meta:Identifiers>
          <meta:IdentifierPattern>
              <meta:Include>.*\.png</meta:Include>
              <meta:Exclude>.*notapng\.png</meta:Exclude>
          </meta:IdentifierPattern>
       </meta:Identifiers>
       <meta:Parameters>
          <meta:Parameter name="setHeader.Content-Type">image/png</meta:Parameter>
       </meta:Parameters>
   </meta:Metadata>


   <!-- make sure all html pages get sent back as text/html -->
   <meta:Metadata>
       <meta:Identifiers>
          <meta:IdentifierPattern>
              <meta:Include>.*\.html</meta:Include>
          </meta:IdentifierPattern>
       </meta:Identifiers>
       <meta:Parameters>
          <meta:Parameter name="setHeader.Content-Type">text/html</meta:Parameter>
       </meta:Parameters>
   </meta:Metadata> 


   <!-- make sure all css pages get sent back as text/css -->
   <meta:Metadata>
       <meta:Identifiers>
          <meta:IdentifierPattern>
              <meta:Include>.*\.css</meta:Include>
          </meta:IdentifierPattern>
       </meta:Identifiers>
       <meta:Parameters>
          <meta:Parameter name="setHeader.Content-Type">text/css</meta:Parameter>
       </meta:Parameters>
   </meta:Metadata> 
</meta:MetadataCollection>
