{
"mechanism": "@MECHANISM_ID@",
"stateId": "@STATE@",
"location": "@ACTION@",
"mmfaPreferredDevice": "@MMFA_PREFERRED_DEVICE_ID@",
"mmfaDevices": [
[RPT mmfaDevices]
{
"mmfa.user.device.id": "@MMFA_DEVICE_ID@",
"mmfa.user.device.label": "@MMFA_DEVICE_LABEL@",
"mmfa.user.device.name": "@MMFA_DEVICE_NAME@",
"mmfa.user.device.type": "@MMFA_DEVICE_TYPE@",
"mmfa.user.device.os.version": "@MMFA_DEVICE_OS_VERSION@",
"mmfa.user.device.appid": "@MMFA_DEVICE_APPID@",
"mmfa.user.device.userPresenceEnrolled": "@MMFA_USER_PRES_ENROLLED@",
"mmfa.user.device.fingerprintEnrolled": "@MMFA_FINGERPRINT_ENROLLED@"
}
[ERPT mmfaDevices]
]}